﻿<?xml version="1.0" encoding="utf-8"?><Search><pages Count="66"><page Index="1"><![CDATA[]]></page><page Index="2"><![CDATA[GARZA SADA]]></page><page Index="3"><![CDATA[]]></page><page Index="4"><![CDATA[BLOQUE MARQUEZ]]></page><page Index="5"><![CDATA[]]></page><page Index="6"><![CDATA[CASA RM]]></page><page Index="7"><![CDATA[]]></page><page Index="8"><![CDATA[]]></page><page Index="9"><![CDATA[]]></page><page Index="10"><![CDATA[]]></page><page Index="11"><![CDATA[]]></page><page Index="12"><![CDATA[VÍA ÁUREA]]></page><page Index="13"><![CDATA[]]></page><page Index="14"><![CDATA[CASA AA]]></page><page Index="15"><![CDATA[]]></page><page Index="16"><![CDATA[CASA GE]]></page><page Index="17"><![CDATA[]]></page><page Index="18"><![CDATA[CASA EROS]]></page><page Index="19"><![CDATA[]]></page><page Index="20"><![CDATA[]]></page><page Index="21"><![CDATA[]]></page><page Index="22"><![CDATA[CASA GG]]></page><page Index="23"><![CDATA[]]></page><page Index="24"><![CDATA[]]></page><page Index="25"><![CDATA[]]></page><page Index="26"><![CDATA[QUINTA KELLY]]></page><page Index="27"><![CDATA[]]></page><page Index="28"><![CDATA[CONJUNTO VA]]></page><page Index="29"><![CDATA[]]></page><page Index="30"><![CDATA[ENRTRE MADERAS]]></page><page Index="31"><![CDATA[]]></page><page Index="32"><![CDATA[]]></page><page Index="33"><![CDATA[]]></page><page Index="34"><![CDATA[AUTO DETAIL]]></page><page Index="35"><![CDATA[]]></page><page Index="36"><![CDATA[CENTRO SANTA MARÍA]]></page><page Index="37"><![CDATA[]]></page><page Index="38"><![CDATA[UNIVERSIDAD UV]]></page><page Index="39"><![CDATA[]]></page><page Index="40"><![CDATA[TERRAZA AZ]]></page><page Index="41"><![CDATA[]]></page><page Index="42"><![CDATA[TERRAZA M]]></page><page Index="43"><![CDATA[]]></page><page Index="44"><![CDATA[INTERIOR E190]]></page><page Index="45"><![CDATA[]]></page><page Index="46"><![CDATA[INTERIORES VM]]></page><page Index="47"><![CDATA[]]></page><page Index="48"><![CDATA[OBRA INDUSTRIAL]]></page><page Index="49"><![CDATA[]]></page><page Index="50"><![CDATA[]]></page><page Index="51"><![CDATA[]]></page><page Index="52"><![CDATA[]]></page><page Index="53"><![CDATA[]]></page><page Index="54"><![CDATA[]]></page><page Index="55"><![CDATA[]]></page><page Index="56"><![CDATA[OBRA RESIDENCIAL]]></page><page Index="57"><![CDATA[]]></page><page Index="58"><![CDATA[]]></page><page Index="59"><![CDATA[]]></page><page Index="60"><![CDATA[]]></page><page Index="61"><![CDATA[]]></page><page Index="62"><![CDATA[]]></page><page Index="63"><![CDATA[]]></page><page Index="64"><![CDATA[]]></page><page Index="65"><![CDATA[]]></page><page Index="66"><![CDATA[+52 444 245 8837]]></page></pages></Search>